2019/8/1,1.4916696352132564,1.4509409751745064,1.54964380742688,1.4813497437805607,-0.1949220372112399,-0.2706960602593757,-0.2282307452773161,-0.2949881448618799,-1.1704015551873246,2.253033452946888,0.262966679341471,0.9129366405474704,0,0,0,0,0,0,0,0,0,0,0,0,0,0,0,0,0,0,0,0,1,0,0,0,0,0,0,0,0,0,0,0,0,0,0,0,1,0,0,0,0,0,1,1,0,0,0,0,0,0,0,0,0,0,0,0,0,0,0,0,0,0,0,0,0,0,0,0,0,0,0,0,0,0,0,1,0,0,0,0,0,0,0.8772970676422119,0
2019/8/2,1.3472755034513362,1.308283527948798,1.3216587929781962,1.3174304319292387,0.8653711876170772,-1.9199344509890055,-1.460388907083526,0.7400700748073475,-1.138979138495888,2.063048018806868,0.2112109659390547,0.8343646853294254,0,0,0,0,0,0,0,0,0,0,0,1,0,0,0,0,0,0,0,0,0,0,0,0,0,0,0,0,0,0,0,0,0,0,0,0,1,1,0,0,0,0,0,0,0,0,0,0,0,0,0,0,0,0,0,0,0,0,0,0,0,0,0,0,0,0,0,0,0,0,0,0,0,0,0,1,0,0,0,0,0,1,0.8891241073608398,0
2019/8/5,1.320124470128582,1.310701450783132,1.331735478699685,1.2841535791473917,0.3708608188990412,-0.3864320876789988,-0.328142147394863,0.2573271264862113,-1.1326023283356488,2.0245081164527496,0.1608306376314844,0.8100841500142568,0,0,0,0,0,0,0,0,0,0,0,0,0,0,0,0,0,0,0,0,4,0,0,0,0,0,1,0,0,0,0,0,0,0,0,0,0,0,1,0,0,0,0,0,0,0,1,0,0,2,0,0,0,0,0,0,0,0,0,0,0,0,0,0,0,0,0,0,0,0,0,1,0,0,0,1,0,0,0,0,0,0,0.8618598959662698,0
2019/8/6,1.1967106822978817,1.1728798492260923,1.1642105785799342,1.206507589323081,0.8060760694656062,-0.9072442110673032,-0.739485907297986,0.6821755218088955,-1.1177165843726362,1.9345558292680864,0.1007334939933283,0.7543490169999375,0,0,0,0,0,0,0,0,0,0,0,0,0,0,0,0,0,0,0,0,1,0,0,0,0,0,0,0,0,0,0,0,0,0,0,0,1,0,2,0,0,0,0,0,0,0,0,0,0,0,0,0,0,1,0,0,0,0,0,0,0,0,0,0,0,0,0,0,1,0,0,0,0,0,0,2,0,0,0,0,0,0,0.7654025256633759,0
2019/8/7,1.2337348186470918,1.1946411547350986,1.2322282071999833,1.16583588036749,0.0969647515420259,-0.4732341082437162,-0.4066363900913865,-0.010025841309201,-1.1099235746553378,1.8874084235712985,0.0865214656198442,0.7216261731499228,0,0,0,0,0,0,0,0,0,0,0,0,0,0,0,0,0,0,0,0,0,0,0,0,0,0,0,0,0,0,0,0,0,0,0,0,0,1,3,0,0,0,0,0,0,0,0,0,0,1,0,1,0,0,0,0,0,0,0,0,0,0,0,0,0,0,0,0,0,0,0,0,0,0,0,1,0,0,0,0,0,0,0.5050560789448875,0
2019/8/8,1.1831351656365043,1.1366110067110815,1.2208919357633083,1.1744632125701908,-0.0646581278191084,0.1054460288543995,0.0577554825030834,-0.1678302045515128,-1.1115745034207496,1.897411738266834,0.1199841948124023,0.7554033273455594,0,0,0,0,0,0,0,0,0,0,0,0,0,0,0,0,0,0,0,0,1,0,0,0,0,0,0,0,0,0,0,0,0,0,0,0,0,0,0,0,0,0,0,0,0,0,0,0,0,0,0,0,0,0,0,0,0,0,0,0,0,0,0,0,0,0,0,0,0,0,0,0,0,0,0,1,0,0,0,0,0,0,0.9478484392166138,1
2019/8/9,1.189305855028039,1.14144685237975,0.8682079355112011,0.8860638217941802,3.1335651478518924,-3.381101797161748,-2.75902508352826,2.954335918783357,-1.0562957748537676,1.563192464330717,0.077392243115393,0.6632546985532448,0,0,0,0,0,0,0,1,0,0,0,0,0,0,2,0,0,0,0,0,4,0,0,0,0,0,0,0,0,4,0,0,0,0,0,0,4,2,12,0,0,0,0,0,0,0,0,0,0,0,0,0,0,0,3,0,0,0,0,0,0,0,0,1,0,0,0,0,0,0,0,0,0,0,0,2,1,0,0,0,0,0,0.0977548762328094,0
2019/8/12,0.8857079369645156,0.9262517201240212,0.8908804783845509,0.9908242842555516,0.9638881806426643,1.2338722961957251,1.0524871146221055,0.8362726564707302,-1.0763768586283122,1.684550506954852,0.1424768900125379,0.7562701963598364,0,0,0,0,0,0,0,0,0,0,0,0,0,0,0,0,0,0,0,0,1,0,0,0,0,0,0,0,0,0,0,0,0,1,0,0,1,1,2,0,0,0,0,0,0,0,0,0,0,0,0,0,0,0,0,0,0,0,0,0,0,0,0,0,0,0,0,0,0,0,0,0,0,0,0,1,0,0,0,0,0,0,0.4442496640341623,1
2019/8/13,0.94988310663648,0.9443861413815264,0.9714939641564612,0.9378278150103876,0.1909958764543813,-0.6179041425182451,-0.5528456120794627,0.0817280660576091,-1.0662169960601275,1.6231348074287724,0.1194241054240655,0.7338029767812979,0,0,0,0,1,0,0,0,0,0,0,0,0,0,0,0,0,0,0,0,0,0,0,0,0,0,0,0,0,0,0,0,0,0,0,0,0,0,3,0,0,0,0,0,0,0,0,0,0,0,0,0,0,0,0,1,0,0,0,0,0,0,0,0,0,1,0,0,0,0,0,1,0,0,0,1,1,0,0,0,0,0,0.8691877788967557,0
2019/8/14,1.0831699974936364,1.0169238264115474,1.0382520070613244,0.9809644760238936,0.6086327816656673,0.5105221248230806,0.4125522868391476,0.4894614227670903,-1.0744833763476032,1.673151380906451,0.1425214498458695,0.7478064848158282,0,1,0,0,0,0,0,0,0,0,0,0,0,0,0,0,0,0,0,0,0,0,0,0,0,0,0,0,0,0,0,0,0,0,0,0,0,0,1,0,0,0,0,0,0,0,0,0,0,0,0,0,0,0,0,0,0,0,0,0,0,0,0,0,0,0,0,0,0,0,0,0,0,0,0,1,0,0,0,0,0,0,0.6126068433125814,1
2019/8/15,0.806723112752867,0.9129531445351842,0.8404970497771072,0.943990195155174,1.070108288576038,-0.4298330979613575,-0.3940546924777159,0.9399514824380752,-1.0673984664088343,1.630346499418577,0.1605782029775865,0.7723839279541382,0,0,1,0,0,0,0,0,0,0,0,0,0,0,0,0,0,0,0,0,3,0,0,0,0,0,1,0,0,0,0,0,0,0,0,0,2,0,2,0,0,0,0,0,0,0,0,0,0,0,0,0,0,0,0,0,0,0,0,0,0,0,0,0,0,0,0,0,0,0,0,0,0,0,0,1,0,0,0,0,0,0,0.6396130502223969,0
2019/8/16,0.9140931081655768,0.915371067369518,0.9677152070109032,0.920573150604985,0.505627029228225,-0.2706960602593757,-0.260921953964522,0.388871953950143,-1.0629073142223593,1.6032057231128598,0.1793329890965186,0.7684410599490213,0,0,0,0,0,0,0,0,0,0,0,0,0,0,0,0,0,0,0,0,0,0,0,0,0,0,0,0,0,0,0,0,0,0,0,0,0,0,0,0,0,0,0,0,0,0,0,0,0,0,0,0,0,0,0,0,0,0,0,0,0,0,0,0,0,0,0,0,0,0,0,0,0,0,0,1,0,0,0,0,0,0,0.9157675504684448,0
2019/8/19,1.0338044823613564,1.0930883956930693,1.044549935637255,1.1399538837593863,2.041805499222197,2.5793036149488446,2.208130177176639,1.8885694890391769,-1.1049590518986854,1.8573984794846907,0.2830712659619487,0.90417837833992,0,0,0,0,0,0,0,0,0,0,0,0,0,0,0,0,0,0,0,0,0,0,0,0,0,0,0,0,0,0,0,0,0,0,0,0,0,1,0,0,0,0,0,0,0,0,0,0,0,0,0,0,0,0,1,0,0,0,0,0,0,0,0,0,0,0,0,0,0,0,0,0,0,0,0,1,0,0,0,0,0,0,0.8867777585983276,1
2019/8/20,1.153515856557136,1.1221034697050778,1.1805851928773532,1.126396647440856,0.7810188678394215,-0.1549600328397525,-0.1540128660955515,0.6577696003207543,-1.102361381992919,1.841656829227375,0.287856224523975,0.8966045416878794,0,1,0,0,0,0,0,0,0,0,0,0,0,0,0,0,0,0,0,0,3,0,0,0,0,0,0,0,0,0,0,0,0,1,0,0,0,0,1,0,0,0,0,2,0,0,0,0,0,0,0,0,0,0,0,0,0,0,0,0,0,0,0,0,0,0,0,0,0,0,0,0,0,0,0,1,0,0,0,0,0,0,0.8923357195324368,0
2019/8/21,1.1115551686946976,1.1003421641960716,1.1427976214217703,1.1609059762516605,0.3472181210764961,0.4092531008309104,0.3072689239427301,0.2342805221442448,-1.1089768335149832,1.8816700880095176,0.2845157294587062,0.9008303631313092,0,0,0,0,0,0,0,0,0,0,0,0,0,0,0,0,0,0,0,0,0,0,0,0,0,0,0,0,0,0,0,0,0,1,0,0,1,1,2,0,0,0,0,5,0,0,0,0,0,0,0,0,0,0,0,0,0,0,0,0,0,0,0,0,0,0,0,0,0,0,0,0,0,0,0,1,0,0,0,0,0,0,0.8955731283534657,1
2019/8/22,1.164623097461899,1.0930883956930693,1.151614721428073,1.1066770309775391,0.2332610261229848,-0.6323711459456981,-0.540334598160251,0.1230018775869216,-1.098582241738446,1.8188585771305723,0.2985550618274121,0.8953094239175824,0,0,0,0,0,0,0,0,0,0,0,0,0,0,0,0,0,0,0,0,1,0,0,0,0,0,1,0,0,0,0,0,0,0,0,0,0,1,0,0,0,0,0,0,0,0,0,0,0,0,0,0,0,0,0,0,0,0,0,0,0,0,0,0,0,0,0,0,1,2,0,0,0,0,0,1,0,0,0,0,0,0,0.8830362728663853,0
2019/8/23,1.1103210308163909,1.0411030547548876,1.1062696356813737,1.0512156096744598,0.1224509267272279,-0.646838149373151,-0.5599139815253451,0.014812590179996,-1.0879529207535563,1.754573709823602,0.2981105295188159,0.8543189842022302,0,1,0,0,0,0,0,0,0,0,0,1,0,0,0,0,0,0,0,0,2,0,0,1,0,0,0,0,0,1,0,0,0,0,0,0,1,0,1,0,0,0,1,1,0,0,0,0,0,1,0,0,0,0,0,0,0,0,0,0,0,0,0,0,0,0,0,0,0,0,0,0,0,0,0,0,0,0,0,0,0,0,0.9382617473602296,0
2019/8/26,0.8955810399909714,0.9455951027986936,0.941263906991995,1.003149044545125,0.1346859326345582,-0.5600361288084336,-0.4956271614150452,0.0267992959235388,-1.0787358871722537,1.6988963458593027,0.27104480147116,0.8151238515241691,0,1,0,0,0,0,0,0,0,0,0,0,0,0,0,0,0,0,0,0,1,0,0,0,0,0,0,0,0,0,0,0,0,0,0,0,1,0,1,0,0,0,0,0,0,0,0,0,0,0,0,0,0,0,0,0,0,0,0,0,0,0,0,0,0,0,0,0,0,0,0,0,0,0,0,0,0,0,0,0,0,0,0.7468237578868866,0
2019/8/27,1.0313362066047425,1.0447299390063889,1.098712121390257,1.1091419830354536,0.4595122435383577,1.248339299623178,1.029267520992382,0.3438909138403533,-1.0990556123086233,1.8217277449114628,0.3363759132837661,0.8696648474854295,0,0,0,0,0,0,0,0,0,0,0,1,0,1,6,0,0,0,0,0,3,0,0,0,0,0,0,0,0,0,0,0,0,0,0,0,6,0,2,0,0,0,0,0,0,1,0,0,0,0,0,1,0,0,0,0,0,0,0,0,0,0,0,0,0,0,0,0,0,0,0,0,0,0,0,1,0,0,0,4,0,0,0.8448870984407572,1
2019/8/28,1.2115203368375655,1.1704619263917584,1.1868831214532838,1.119001791267112,0.7148725980080103,0.1199130322818524,0.070937991519654,0.5931402487344354,-1.1009451824358598,1.833126870959864,0.331926965713753,0.8729019819064848,0,0,0,1,0,0,0,0,0,0,0,0,0,0,3,0,0,0,0,1,2,0,2,0,0,0,0,0,0,0,0,0,0,0,0,0,9,1,7,0,0,0,0,1,0,0,0,0,0,1,0,0,0,0,0,1,0,0,0,0,0,0,0,0,0,0,0,0,0,0,0,0,0,0,0,1,0,0,0,5,0,0,0.6544384104864938,1
2019/8/29,1.123896547477768,1.053192668926558,1.1050100499661877,1.043820753500716,0.2620023643732935,-0.8783102042123974,-0.7479326087858154,0.1510532405125322,-1.0865328090430246,1.745966206480932,0.3258177912434818,0.8599651357338773,0,0,0,0,0,0,0,0,0,0,0,0,0,0,0,0,0,0,0,0,4,0,0,0,0,0,0,0,0,0,0,0,0,1,0,0,0,0,2,0,0,0,0,2,0,0,0,0,0,1,0,1,0,0,0,2,0,0,0,0,0,0,0,0,0,0,0,0,0,0,0,0,0,0,0,0,0,0,0,1,0,0,0.9005698561668396,0
2019/8/30,1.0819358596153297,1.0265955177488832,1.0533670356435578,0.9982191404292956,0.1823587622951555,-0.5311021219535278,-0.4723722259380922,0.0733250146085274,-1.0777930581853716,1.693158010297522,0.2994373038863911,0.7972024613762755,0,0,0,0,0,0,0,0,0,0,0,0,0,0,0,0,0,0,0,0,1,0,0,0,0,0,0,0,0,1,0,0,0,0,0,0,0,1,4,0,0,0,1,2,0,0,0,0,0,0,0,0,0,0,0,0,0,0,0,0,0,0,0,0,0,0,0,0,0,0,0,1,0,0,0,0,0,0,0,0,0,0,0.7573297132145275,0
2019/9/2,1.0066534490386023,1.0145059035772137,1.0735204070865354,1.0660053220219476,0.2517644406428164,0.7998621933721385,0.6504736023875473,0.1410437233452438,-1.0907853198676751,1.7717111714337836,0.379095148332445,0.8826904171453589,0,0,0,0,0,0,0,0,0,0,0,0,0,0,0,0,0,0,0,0,0,0,0,0,0,0,0,0,0,0,0,0,0,0,0,0,0,1,0,0,0,0,0,1,0,0,0,0,0,0,0,0,0,0,0,0,0,0,0,0,0,0,0,0,0,0,0,0,0,0,0,0,0,0,0,0,0,0,0,0,0,0,0.9775845408439636,1
2019/9/3,1.0732968944671806,1.073745013018397,1.1012312928206294,1.123931695382941,0.679940220832408,0.6841261659525153,0.5415146873792709,0.5590337457940453,-1.101888011422742,1.838865206521644,0.4028826371585303,0.9703999486936892,0,0,0,0,0,0,0,0,0,0,0,0,0,0,1,0,0,0,0,0,1,0,0,0,0,0,0,0,0,0,0,0,0,0,0,0,1,0,1,0,0,0,0,0,0,1,0,0,0,0,0,0,0,1,0,0,0,0,0,0,0,0,0,0,0,0,0,0,0,0,0,0,0,0,0,1,0,0,0,0,0,0,0.8587864637374878,1
2019/9/4,1.1177258580862328,1.059237476012393,1.1276825928395375,1.0955847467169233,0.3097156722146154,-0.3285640739691873,-0.296723245207916,0.1976407463405288,-1.096457942402857,1.8059860946541464,0.427111460219049,0.9928082392822428,0,0,0,0,0,0,0,0,0,1,0,0,0,0,0,0,0,0,0,0,1,0,0,0,0,0,0,0,0,0,0,0,0,0,0,0,1,0,1,0,0,0,1,0,0,0,0,0,0,0,0,0,0,0,0,1,0,0,0,0,0,0,0,0,0,0,0,0,0,0,0,1,0,0,0,0,0,0,0,0,0,0,0.5962505170277187,0
2019/9/5,1.112789306573005,1.224865190164274,1.1818447785925397,1.2249947297574406,2.1058217420381635,1.5232123647447833,1.2294437436997698,1.951036290620217,-1.121260995418757,1.955958270012024,0.4610892925567235,1.0581634120536545,0,0,0,0,0,0,0,0,0,0,0,0,0,0,0,0,0,0,1,0,2,0,0,0,0,0,0,0,0,0,0,0,0,0,0,0,0,3,2,0,0,0,0,0,0,0,0,0,0,0,0,0,0,0,0,0,0,0,0,0,0,0,0,1,0,0,0,0,0,0,0,0,0,0,0,1,0,0,0,0,0,0,0.7453002810478211,1
2019/9/6,1.3719582610174763,1.5271055444560278,1.4463577787816198,1.575017921981317,4.8253837964768005,4.112805978258851,3.2505026193609083,4.605968038528946,-1.188354427472808,2.3615190130945973,0.4741947872699609,1.1684206837524391,0,1,0,0,1,0,0,0,0,1,0,0,0,1,0,0,0,0,0,0,1,0,0,0,0,0,0,0,0,0,0,0,0,0,0,0,4,6,3,0,0,0,0,0,0,0,0,0,0,0,0,0,0,0,0,5,0,0,0,0,0,0,0,0,0,0,0,0,0,0,0,0,0,0,0,2,0,0,0,0,0,0,0.5239279651641846,1
2019/9/9,1.5805275624513606,1.9043015066121367,1.6302572931987904,1.987897391682016,4.022274493778881,4.850623153058949,3.511007375288902,3.8219509809010312,-1.26749729222228,2.839972126826811,0.5450133679356364,1.350274698269093,0,0,0,0,3,0,0,0,0,0,0,0,1,0,0,0,0,0,0,0,3,0,1,0,0,0,0,0,0,0,0,0,0,2,0,0,5,13,3,0,0,0,2,0,0,0,0,0,0,2,0,0,0,2,0,8,0,0,5,0,0,0,0,0,0,0,0,0,0,0,0,0,0,0,0,2,0,0,0,0,0,0,0.5759974305446331,1
2019/9/10,2.086524092557234,2.004645304236999,1.9262599362675223,1.9989896759426315,3.7917414277967945,0.1343800357093053,0.062102529712301,3.596860418923059,-1.269621591557869,2.8528446093032374,0.5407946817053277,1.3016976932398632,0,0,0,0,0,0,0,0,0,0,0,0,0,0,0,0,0,0,0,0,4,0,0,0,0,0,0,0,0,0,0,0,0,0,0,0,2,3,6,0,0,0,0,0,0,0,0,0,0,0,0,0,0,2,0,0,0,0,0,0,0,0,0,0,0,1,0,0,0,0,0,1,0,0,0,5,0,0,0,1,0,0,0.563592997789383,1
2019/9/11,1.9766858213879104,1.9454061947958152,1.874616921944893,1.817815699685907,2.067125973717317,-2.122472498973346,-1.4310198320358851,1.9132843462423572,-1.2348934051821367,2.642930090847305,0.5055378329075724,1.2319777208950409,0,0,0,0,0,0,0,0,0,0,0,0,0,0,0,0,0,0,0,0,4,0,0,0,0,0,0,0,0,0,0,0,0,0,0,0,1,0,1,0,0,0,0,0,0,0,0,0,0,0,0,0,0,0,0,0,0,0,0,0,0,0,0,0,0,0,0,0,0,0,0,0,0,0,0,1,0,0,0,0,0,0,0.6791070529392788,0
2019/9/12,1.8680816880968931,1.7882412105641037,1.867059407653776,1.852325028496712,0.9298355634202792,0.4092531008309104,0.2548216226542831,0.8030311735324516,-1.241508856704201,2.682865804554288,0.5271734442321411,1.265026889919997,0,0,0,0,0,0,0,0,0,0,0,0,0,0,0,0,0,0,0,0,0,0,0,0,0,0,0,0,0,0,0,0,0,0,0,0,0,0,1,0,0,0,1,0,0,1,0,0,0,0,0,0,0,0,0,0,0,0,0,0,0,0,0,0,0,0,0,0,0,0,0,0,0,0,0,0,0,0,0,0,0,0,0.5840357939402262,1
2019/9/16,1.8754865153667355,1.7894501719812703,1.8229739076222624,1.7968636071936326,0.977442076206127,-0.646838149373151,-0.4692268015346746,0.849495105074432,-1.2308795357193112,2.618658482322477,0.5358705003147578,1.2837309513412771,0,0,0,0,0,0,1,0,0,0,0,0,0,0,0,0,0,0,1,0,1,0,0,0,0,0,0,0,0,0,0,0,0,0,0,0,1,0,3,0,0,0,1,1,0,0,0,0,0,1,0,0,0,0,0,0,0,0,0,0,0,0,0,0,0,0,0,0,0,0,0,0,0,0,0,1,0,0,0,0,0,0,0.7715810320594094,0
2019/9/17,1.7903310017635523,1.7060318341967466,1.7171687075466309,1.687173240616432,1.1663134870594456,-1.2833863001810784,-0.915558990194915,1.0338679398101636,-1.2098517108044118,2.491484559061403,0.4605959363159119,1.1958610386538029,0,0,0,0,0,0,0,0,0,0,0,0,0,0,0,0,0,0,0,0,1,0,0,0,0,0,0,0,0,0,0,0,0,1,0,0,1,0,1,0,0,0,1,1,0,0,0,0,0,0,0,1,0,0,0,0,0,0,0,0,0,0,0,0,0,0,0,0,0,0,0,0,0,0,0,1,0,0,0,0,0,0,0.5663222149014473,0
2019/9/18,1.711346177551904,1.638329994835393,1.7222070504073752,1.6403391515160546,0.7864068760211625,-0.5455691253809807,-0.4146589894124629,0.6630215074764303,-1.2008772307384066,2.437280551525128,0.4700534944343867,1.183350366936768,0,0,0,0,0,0,0,0,0,0,0,0,0,0,0,0,0,0,0,0,2,0,0,0,0,0,0,0,0,0,0,1,0,0,0,0,0,0,1,0,0,0,0,0,0,0,0,0,0,0,0,0,0,0,0,0,0,0,0,0,0,0,0,0,0,0,0,0,0,0,0,0,0,0,0,1,0,0,0,0,0,0,0.6422890067100525,0
2019/9/19,1.6632148002979303,1.7024049499452454,1.709611193255514,1.7611218023538706,0.8521683835433895,1.421943340752613,0.9938549900685114,0.7272183490616934,-1.2240293549888948,2.577249412187469,0.5080785962272565,1.2670926103065316,0,0,0,0,0,0,0,0,0,0,0,0,0,0,0,0,0,0,0,0,1,0,1,0,0,0,0,0,0,0,0,0,0,0,0,0,1,0,1,0,0,0,1,0,0,0,0,0,0,2,0,0,0,1,0,0,0,0,0,0,0,0,0,0,0,0,0,0,0,0,0,0,0,0,0,1,0,0,0,0,0,0,0.927056418524848,1
2019/9/20,1.7533068654143416,1.677016760184738,1.737322078989608,1.687173240616432,0.6491064607481145,-0.8638432007849444,-0.6301028901229567,0.5289434071491724,-1.2098517108044118,2.491484559061403,0.5141496070125209,1.2587561853808915,0,0,0,0,0,0,0,0,0,0,0,0,0,0,0,2,0,0,0,0,1,0,0,0,0,0,0,0,0,0,0,0,0,0,0,0,0,0,0,0,0,0,1,1,0,0,0,0,0,1,0,0,0,0,0,0,0,0,0,0,0,0,0,0,0,0,0,0,0,0,0,0,0,0,0,1,0,0,0,0,0,1,0.6730099990963936,0
2019/9/23,1.6410003184884043,1.5597475027195375,1.5975080646039512,1.599667442560463,0.6237396339782316,-1.0229802384869262,-0.7536933298842096,0.5042285499459912,-1.1930803088676354,2.3901331458283392,0.4800099521222206,1.253344429799809,0,0,0,0,0,0,0,0,0,0,0,0,0,0,0,0,0,0,1,0,2,0,0,0,0,0,0,0,0,0,0,0,0,0,0,0,0,0,1,0,0,0,0,1,0,0,0,0,0,0,0,0,0,0,0,1,0,0,0,0,0,0,0,0,0,0,0,0,0,0,0,0,0,0,0,1,0,0,0,0,0,0,0.6463625026600701,0
2019/9/24,1.606444457895808,1.6939422200250762,1.67560237894549,1.7031954289928772,1.1799772336712309,1.2194052927682724,0.8569406739017705,1.0472139626998815,-1.2129227512803555,2.510095377099609,0.4922598553945004,1.3098047193932896,0,0,0,0,0,0,0,0,0,0,0,0,0,0,0,0,0,0,0,0,2,0,0,0,0,0,0,0,0,0,0,0,0,0,0,0,0,0,1,0,0,0,0,0,0,0,0,0,0,2,0,0,0,0,0,1,0,0,0,0,0,0,0,0,0,0,0,0,0,0,0,0,0,0,0,1,2,0,0,0,0,0,0.8615551127327813,1
2019/9/25,1.6545758351497812,1.612941805074886,1.6630065217936287,1.6230844871106522,0.2042752450435082,-0.9361782179222088,-0.6895125353155979,0.0947033660892791,-1.197567548900638,2.4172739221340565,0.4324769758440522,1.21123292497898,0,0,0,0,0,0,0,0,0,0,0,0,0,0,0,0,0,0,0,0,1,0,0,0,0,0,1,0,0,0,0,0,0,0,0,0,0,1,1,0,0,0,0,1,0,0,0,0,0,0,0,0,0,0,0,0,0,0,0,0,0,0,0,0,0,0,0,0,0,0,0,0,0,0,0,1,0,0,0,0,0,0,0.7468292812506357,0
2019/9/26,1.6496392836365534,1.5778819239770427,1.501779550249808,1.4665600314330731,0.7247849578536449,-1.833132430424288,-1.3490267464636498,0.6028408301866839,-1.1675652439197337,2.2358959913367067,0.3407193244064144,1.0525177319539272,0,0,0,0,0,0,0,0,0,0,0,0,0,0,0,0,0,0,0,0,2,0,0,0,0,0,0,0,0,0,0,0,0,0,0,0,0,0,3,0,0,0,0,2,0,0,0,0,0,0,0,0,0,0,0,0,0,0,0,0,0,0,0,0,0,0,0,0,0,0,0,0,0,0,0,1,0,0,0,0,0,0,0.8480761647224426,0
2019/9/27,1.458347912498967,1.4860008562723497,1.5345287788446464,1.5392761171415552,0.053805952707199,0.8577302070819499,0.6152024388525943,-0.0521646728406249,-1.1815042467423915,2.320109942959589,0.3731782847218162,1.1034505765731863,0,0,0,0,0,0,0,0,0,0,0,0,0,0,0,0,0,0,0,0,2,0,0,0,0,0,0,0,0,0,0,0,0,0,0,0,0,0,0,0,0,0,0,0,0,1,0,0,0,0,0,0,0,0,0,0,0,0,0,0,0,0,0,0,0,0,0,0,0,0,0,0,0,0,0,1,0,0,0,0,0,0,0.7790502905845642,1
2019/9/30,1.5175865306577037,1.438851361002836,1.4715494930853417,1.3926114696956349,0.0595775154404716,-1.717396403004665,-1.2909954333129556,-0.0491988899762432,-1.1549524611242663,2.159591637380062,0.3350527634002419,1.0385999302424314,0,0,0,0,0,0,0,0,0,0,0,0,0,0,0,0,0,0,0,0,3,0,0,0,0,0,0,0,0,0,0,0,0,0,0,0,2,0,2,0,0,0,0,1,0,1,0,0,0,0,0,0,0,0,0,0,0,0,0,0,0,0,0,0,0,0,0,0,0,0,0,0,0,0,0,0,1,0,0,0,0,0,0.8492017447948456,0
2019/10/8,1.4534113609857389,1.3904929043161556,1.436281093060131,1.3679619491164885,-0.1255042995864102,-0.2851630636868286,-0.2450534645585161,-0.2294319861304418,-1.150218755422494,2.13097750464632,0.3427688635347286,0.9940736568415875,0,0,0,0,0,0,0,0,0,0,0,0,0,0,0,0,0,0,0,0,0,0,0,0,0,0,0,0,0,0,0,0,0,0,2,0,1,0,3,0,0,0,0,0,0,0,0,0,0,0,0,0,0,0,0,1,0,0,0,0,0,0,0,0,0,0,0,0,0,0,0,0,0,0,0,0,0,0,0,0,0,0,0.7777039664132255,0
2019/10/9,1.3336999867899593,1.3433434090466418,1.344331335851546,1.409866134101037,-0.0717834038875002,0.4960551213956277,0.3534960601188006,-0.1770982760027057,-1.1582660551155073,2.1796758118462924,0.366192411521114,1.0363842002189905,0,0,0,0,0,0,0,0,0,0,0,0,0,0,0,1,0,0,0,0,1,0,0,0,0,0,0,0,0,0,0,0,0,0,3,0,1,1,0,0,0,0,0,1,0,0,0,0,0,0,0,0,0,0,0,0,0,0,0,0,0,0,0,0,0,0,0,0,0,0,0,0,0,0,0,1,0,0,0,0,0,0,0.5702055361535814,1
2019/10/10,1.42008963827145,1.4642395507633434,1.461472807363853,1.4986044081859633,0.6300183268301394,1.0458012516388375,0.7672430656335235,0.5063293128082617,-1.1753113077953614,2.2827332167328582,0.4170223890559407,1.1183569710206729,0,0,0,0,0,0,0,0,0,0,0,0,0,0,0,0,0,0,0,0,1,0,1,0,0,0,0,0,0,0,0,0,0,0,1,0,1,2,5,0,0,0,0,0,0,0,0,0,0,0,0,0,0,0,0,1,0,0,0,0,0,0,0,0,0,0,0,0,0,0,0,0,0,0,0,1,0,0,0,0,0,0,0.6495727919615232,1
2019/10/11,1.533630323075694,1.4690753964320111,1.514375407401669,1.502301836272835,0.1893056196193949,0.0475780151445879,0.0080295034513011,0.0771558174750205,-1.1760233197273635,2.286998195866614,0.4284749058370215,1.101319421436172,0,0,0,0,0,0,0,0,0,0,0,0,0,0,0,0,0,0,0,0,0,0,0,0,0,0,1,0,0,1,0,0,0,0,0,0,1,0,0,0,0,0,0,1,0,0,0,0,0,1,0,0,0,0,0,0,0,0,0,0,0,0,0,0,0,0,0,0,0,0,0,0,0,0,0,1,0,0,0,1,0,0,0.4802061489650181,1
2019/10/14,1.5866982518428954,1.548866849965034,1.5597204931483688,1.5096966924465796,0.7985637619675917,0.0909790254269466,0.0402259262772952,0.6704359646373846,-1.1774434314378956,2.2956056992092844,0.4806585215623883,1.1428679422582797,0,0,0,0,0,0,0,0,0,0,0,0,0,0,0,0,0,0,0,0,3,0,0,0,0,0,0,0,0,0,0,0,0,0,0,0,1,0,1,0,0,0,0,0,0,0,0,0,0,1,0,1,0,0,0,0,0,0,0,0,0,0,0,0,0,0,0,0,0,0,0,0,0,0,0,1,0,0,0,0,0,0,0.6889884509146214,1
2019/10/15,1.5175865306577037,1.4424782452543372,1.4728090788005284,1.3975413738114637,0.0361500729704868,-1.312320307035984,-0.9999906632259796,-0.0719983457461778,-1.155899202264621,2.1653299729418416,0.439633626205035,1.0570585642062216,0,0,0,0,0,0,0,0,0,1,0,0,0,0,0,0,0,0,0,0,1,0,0,0,0,0,0,0,0,0,0,0,0,0,0,0,0,0,0,0,0,0,1,0,0,0,0,0,0,0,0,1,0,0,0,0,0,0,0,0,0,0,0,0,0,0,0,0,0,0,0,0,0,0,0,1,1,0,0,0,0,0,0.7463526725769043,0
2019/10/16,1.4225579140280635,1.3917018657333224,1.4652515645094115,1.3926114696956349,-0.134452155150195,-0.0536910088475822,-0.0683442284114575,-0.2381439732945632,-1.1549524611242663,2.159591637380062,0.4255753185962978,1.0365323241282172,0,0,1,0,0,0,0,0,0,0,0,0,0,0,1,0,0,0,0,0,3,0,0,0,0,0,0,0,0,0,0,0,0,0,0,0,0,0,0,0,0,0,0,0,0,0,0,0,0,0,0,0,0,0,0,0,0,0,0,0,0,0,0,0,0,0,0,0,0,0,0,0,0,0,0,1,0,0,0,0,0,0,0.8125661810239156,0
2019/10/17,1.3954068807053095,1.3542240618011443,1.4400598502056896,1.411098610129994,-0.2749449849884833,0.2211820562740226,0.1413742930478715,-0.374940707914171,-1.158504696477332,2.1810716231991574,0.4262012883123833,1.0406238817608646,0,0,0,0,0,0,0,0,0,0,0,0,0,0,0,0,0,0,0,0,0,0,0,0,0,0,0,0,0,0,0,0,0,1,0,0,1,1,1,0,0,0,0,1,0,0,0,0,0,0,0,0,0,0,0,0,0,0,0,0,0,0,0,0,0,0,0,0,0,0,0,0,0,0,0,1,0,0,0,0,0,0,0.8079723914464315,1
2019/10/18,1.4139189488799144,1.463030589346176,1.4728090788005284,1.4567002232014152,0.550387991786823,0.5394561316779865,0.38237034930523,0.4287864483332806,-1.167264008102348,2.234034909532886,0.3833724659224005,1.018728320528374,0,0,0,0,0,0,0,0,0,0,0,0,0,0,0,0,0,0,0,0,1,0,0,0,0,0,0,0,0,0,0,0,0,0,0,0,0,0,1,0,0,0,0,0,0,0,0,0,0,0,0,0,0,0,0,1,0,0,0,0,0,0,0,0,0,0,0,0,0,0,0,0,0,0,0,1,0,0,0,0,0,0,0.8453791439533234,1
2019/10/21,1.452177223107432,1.374776405892984,1.4173873073323395,1.388914041608763,-0.0610851414977517,-0.79150818364768,-0.6217622141768157,-0.1666562488343617,-1.1542443613457367,2.155326658246306,0.3792569708850707,0.9893627319526004,0,0,0,0,0,0,0,0,0,0,0,0,0,0,1,0,0,0,0,0,0,0,0,0,0,0,1,0,0,0,0,0,0,0,0,0,2,0,1,0,0,0,0,0,0,0,0,0,0,0,0,0,0,0,0,0,0,0,0,0,0,0,0,0,0,0,0,0,0,3,0,0,0,0,0,0,0,0,0,0,0,0,0.9700028896331788,0
2019/10/22,1.40774825948838,1.3602688688869802,1.4325023359145728,1.411098610129994,-0.2012214998349029,0.2645830665563813,0.1747016549852068,-0.3031440477389296,-1.158504696477332,2.1810716231991574,0.4157629874507231,1.0356778066302406,0,0,0,0,0,0,0,0,0,0,0,0,0,0,0,0,0,0,0,0,6,0,0,0,0,0,0,0,0,0,0,0,0,1,0,0,1,0,2,0,0,0,0,0,1,1,0,0,0,0,0,0,0,0,0,0,0,0,0,0,0,0,0,0,0,0,0,0,0,0,0,0,0,0,0,1,0,0,0,0,0,0,0.8164622508562528,1
2019/10/23,1.406514121610073,1.4195079783281634,1.457694050218295,1.4308182265933116,0.1410127162002745,0.2356490597014756,0.1515880868971715,0.0301358016459683,-1.1622916610387504,2.2040249654462785,0.3871709252077482,1.0136414758264738,0,0,0,0,0,0,0,0,0,0,0,0,0,0,0,0,0,0,0,0,1,0,0,0,0,0,0,0,0,0,0,1,0,0,0,0,1,0,1,0,0,0,0,0,0,0,0,0,0,0,0,0,0,0,0,0,0,0,0,0,0,0,0,0,0,0,0,0,0,0,0,0,0,0,1,1,0,0,0,0,0,0,0.7388170659542084,1
2019/10/24,1.40774825948838,1.3917018657333224,1.458953635933481,1.4160285142458242,-0.3544836219469847,-0.1694270362672054,-0.1554618818319574,-0.452359998103136,-1.1594514376176868,2.186809958760938,0.3825665512334348,1.0019340298145318,0,0,0,0,0,0,0,0,0,0,0,0,0,0,0,0,0,0,0,0,0,0,0,0,0,0,0,0,0,0,0,0,0,0,0,0,1,0,2,0,0,0,0,0,0,0,0,0,0,0,0,0,0,0,0,0,0,0,0,0,0,0,0,0,0,0,0,0,0,0,0,0,0,0,0,0,0,0,0,0,0,0,0.7415351867675781,0
2019/10/25,1.42008963827145,1.4823739720208486,1.4753282502309,1.5577632575759146,0.6023477572357618,1.667882399019312,1.2379611288820582,0.4793901184567941,-1.1866761136330886,2.3513606082487435,0.4184909447113892,1.0467434452264566,0,0,0,0,0,0,0,0,0,0,0,0,0,0,0,0,0,0,0,0,0,0,0,0,0,0,0,0,0,0,0,0,0,0,0,0,0,0,1,0,0,0,0,1,0,0,0,0,0,0,0,0,0,0,0,1,0,0,0,0,0,0,0,0,0,0,0,0,0,0,0,0,0,0,0,1,0,0,0,0,0,0,0.4925959408283233,1
2019/10/28,1.620019974557185,1.5549116570508696,1.5823930360217184,1.5935050624156766,0.6136441158546256,0.4237201042583632,0.2830951004378125,0.4903882299122096,-1.1935419429773952,2.39292476853407,0.4761769536359171,1.1296474826426717,0,0,0,1,0,0,0,0,0,0,0,0,0,4,7,0,0,0,0,0,1,0,0,0,0,0,0,0,0,0,0,0,0,0,0,0,5,0,2,0,0,0,0,0,0,1,0,0,0,0,0,0,0,0,0,0,0,0,0,0,0,0,0,0,0,0,0,0,0,0,0,0,0,0,0,2,0,0,0,5,0,0,0.8826991277081626,1
2019/10/29,1.5188206685360104,1.6528375318413973,1.577354693160974,1.60582982270525,1.3065637040044034,0.1488470391367582,0.0808337087438892,1.1651038315590556,-1.1959087958282817,2.407193062363361,0.4414326495239483,1.0612621340630326,0,0,0,0,1,0,0,0,0,0,0,0,0,0,4,1,0,0,0,0,5,0,1,0,0,0,0,0,0,0,0,0,2,0,0,0,5,2,6,0,0,0,0,0,0,1,0,0,0,0,0,0,0,0,0,2,0,1,0,0,0,0,0,0,0,0,0,0,0,0,1,1,0,0,0,2,0,0,1,3,0,0,0.7210371922223996,1
2019/10/30,1.5583130806418346,1.5911804995658798,1.57861427887616,1.5429735452284263,0.3287909599830115,-0.7336401699378684,-0.5584649657889392,0.2129639578065011,-1.1838358902120247,2.334223146638562,0.4100652985227017,1.0222951744341937,0,0,0,0,0,0,0,0,0,0,0,0,0,1,0,0,0,0,0,0,1,0,0,0,0,0,1,0,0,0,0,0,0,0,0,0,2,0,2,0,0,0,0,0,0,0,0,0,0,0,0,0,0,0,0,1,0,0,0,0,0,0,0,0,0,0,0,0,0,0,0,1,0,0,0,1,0,0,0,0,0,0,0.6781556814908981,0
2019/10/31,1.559547218520141,1.5597475027195375,1.5949888931735796,1.563925637720701,0.1938572922253418,0.2501160631289285,0.1565712873565186,0.0816044917715931,-1.1878575839817955,2.358572300238548,0.382352067059599,1.0060162530951655,0,0,0,0,0,0,0,0,0,0,0,0,0,0,0,0,0,0,0,0,5,0,1,0,0,0,0,0,0,1,0,0,0,0,0,0,3,0,4,0,0,0,0,1,0,0,0,0,0,2,0,0,0,0,0,1,0,1,0,0,0,0,0,0,0,0,0,0,0,0,0,0,0,0,0,1,0,0,0,0,0,0,0.8698310732841492,1
2019/11/1,1.538566874588922,1.5972253066517146,1.600027236034324,1.6378741994581396,0.5347495248141182,0.8721972105094029,0.6106433405600002,0.4135250240103161,-1.202062613240586,2.4444146984397737,0.4288028150411563,1.034245030739338,0,0,0,0,0,0,0,0,0,0,0,0,0,0,0,0,0,0,0,0,5,0,0,0,0,0,0,0,0,0,0,0,1,0,0,1,3,1,3,0,0,0,0,0,0,0,0,0,0,0,0,0,0,0,0,5,0,0,0,0,0,0,0,0,0,0,0,0,0,0,0,0,0,0,0,1,0,0,0,0,0,0,0.8636888086795806,1
2019/11/4,1.664448938176237,1.7036139113624122,1.7285049789833054,1.69703304884809,0.7836732629690902,0.6985931693799682,0.4747185961156828,0.6559159860305156,-1.213427419078313,2.5131196350308174,0.4504593204502538,1.0908819187300058,0,0,0,1,1,0,0,0,0,1,0,0,0,0,0,0,0,0,1,0,4,0,0,0,0,0,0,0,0,0,0,0,0,0,0,1,2,2,4,0,0,0,1,2,0,0,0,0,0,0,0,0,0,0,0,1,0,0,0,0,0,0,0,0,0,0,0,0,0,0,0,0,0,0,0,1,0,0,0,0,0,0,0.8270575675097379,1
2019/11/5,1.691599971498991,1.6480016861727294,1.7322837361288637,1.6674536241531153,0.2744746397613088,-0.3430310773966402,-0.2702522016330866,0.1600741633916934,-1.2077430600827133,2.478767166735296,0.4703671189072618,1.0866280942305355,0,0,0,0,0,0,0,0,0,0,0,0,0,0,0,0,0,0,0,0,2,0,0,0,0,0,0,0,0,0,0,0,0,1,0,1,1,0,5,0,0,0,0,0,0,0,0,0,0,2,0,0,0,0,0,1,0,0,0,0,0,0,0,0,0,0,0,0,0,0,0,0,0,0,0,1,0,0,0,0,0,0,0.7830262184143066,0
2019/11/6,1.6595123866630093,1.6056880365718835,1.606325164610254,1.5417410691994693,0.4596487750511905,-1.471457344737966,-1.0770712320333269,0.3404308338319081,-1.1835972488502,2.3328273352856965,0.4382416111245434,1.034311125494506,0,0,1,0,0,0,0,0,0,0,0,1,0,0,0,0,0,0,0,0,5,0,0,0,0,0,0,0,0,0,0,0,0,0,1,0,3,0,2,0,0,0,0,1,0,0,0,0,0,0,0,0,0,0,0,0,0,0,0,0,0,0,0,0,0,0,0,0,0,0,0,0,0,0,0,1,0,0,0,0,0,0,0.8407178481419881,0
2019/11/7,1.538566874588922,1.502926316112688,1.593729307458393,1.5552983055179996,-0.230928495226639,0.1633140425642111,0.0927792531074304,-0.3320604306666517,-1.1862027430629114,2.3485689855430123,0.4617508674984854,1.0498821446626403,0,0,0,0,0,0,0,0,0,0,0,0,0,0,0,0,0,0,0,0,3,0,0,0,0,0,0,0,0,0,0,0,0,0,0,0,1,2,1,0,0,0,1,2,0,0,0,0,0,0,0,0,0,0,0,0,0,0,0,0,0,0,0,0,0,0,0,0,0,0,0,0,0,0,0,0,0,0,0,0,0,0,0.9139950156211852,1
2019/11/8,1.60150790638258,1.5283145058731946,1.5634992502939271,1.4961394561280492,0.158781850665967,-0.6902391596555096,-0.5331955450199098,0.0474362016881951,-1.1748379372251845,2.2798640489519686,0.4548025183679581,1.050390913990576,0,0,0,0,0,0,0,0,0,0,0,1,0,0,0,0,0,0,0,0,2,0,0,0,0,0,0,0,0,0,0,0,0,0,0,0,0,0,4,0,0,0,1,0,0,0,0,0,0,0,0,1,0,0,0,1,0,0,0,0,0,0,0,0,0,0,0,0,0,0,0,0,0,0,0,2,0,0,0,0,0,0,0.7945238004128138,0
2019/11/11,1.4546454988640456,1.4110452484079945,1.495481621673878,1.4369806067380977,-0.1202879759849396,-0.6902391596555096,-0.5406526747853158,-0.2243036532607817,-1.1634770435409298,2.211159112360924,0.3716542957808825,0.9695335511113322,0,0,0,0,0,0,0,0,0,0,0,0,0,0,0,0,0,0,0,0,1,0,0,0,0,0,0,0,0,0,0,0,0,0,0,0,2,0,3,0,0,0,1,1,0,0,0,0,0,0,0,0,0,0,0,0,0,0,0,0,0,0,0,0,0,0,0,0,0,0,0,0,0,0,0,1,0,0,0,0,0,0,0.620568205912908,0
2019/11/12,1.4213237761497568,1.3820301743959864,1.457694050218295,1.451770319085586,-0.1739276225326664,0.177781045991664,0.1067746246102774,-0.2765755762455099,-1.1663172669619932,2.2282965739711056,0.3777980094521099,0.9579776233184402,0,0,0,0,0,0,0,0,0,0,0,0,0,0,0,0,0,0,0,0,3,0,0,0,0,0,0,0,0,1,0,0,0,0,0,0,0,0,1,0,0,0,0,1,0,0,0,0,0,1,0,0,0,0,0,0,0,0,0,0,0,0,0,0,0,0,0,0,0,0,0,0,0,0,0,1,0,0,0,0,0,0,0.9036973416805268,1
2019/11/13,1.4447723958375898,1.4098362869908274,1.4828857645220168,1.4603976512882872,-0.3366045815348943,0.1054460288543995,0.0519240777102305,-0.4349360237748933,-1.1679721078808776,2.238299888666641,0.3780615307631048,0.9640448578409252,0,0,0,0,0,0,0,0,0,0,0,0,0,0,0,0,0,0,0,0,3,0,0,0,0,0,0,0,0,0,0,1,0,0,0,0,0,1,1,0,0,0,0,1,0,0,0,0,0,0,0,0,0,0,0,0,0,0,0,0,0,0,0,0,0,0,0,0,0,0,0,0,0,0,0,0,0,0,0,0,0,0,0.9404535804476056,1
2019/11/14,1.4645186018905023,1.4231348625796645,1.523192507407972,1.4862796478963909,-0.1930762724287862,0.3079840768387401,0.2037173115605538,-0.2951735062909038,-1.1729444549444752,2.268387377828408,0.4000263305214735,1.0036624878055838,0,0,0,0,0,0,0,0,0,0,0,1,0,0,0,1,0,0,0,0,5,0,1,0,0,0,0,0,0,0,0,1,0,0,0,0,2,1,0,0,0,0,0,0,0,0,0,0,0,0,0,0,0,0,0,0,0,0,0,0,0,0,0,0,0,0,0,0,0,0,0,0,0,0,0,0,0,0,0,0,0,0,0.8720592061678568,1
2019/11/15,1.4756258427952649,1.3977466728191572,1.382118907307129,1.3100355757554951,0.9453813075441,-2.0646044852635344,-1.5664497906189905,0.8134114135577877,-1.139092590946592,2.0637459244833,0.3588882233387652,0.9469864709655657,0,0,0,0,0,0,0,0,0,0,0,0,0,0,0,1,0,0,0,0,1,0,0,0,0,0,0,0,0,0,0,0,0,0,0,0,1,1,4,0,0,0,1,1,0,0,0,0,0,0,0,0,0,0,0,1,0,0,0,0,0,0,0,0,0,0,0,0,0,0,0,0,0,0,0,1,0,0,0,0,0,0,0.8369962672392527,0
2019/11/18,1.302846539832284,1.2720146854337877,1.331735478699685,1.3125005278134096,-0.1830766978411382,0.033111011717135,-0.001689504536787,-0.2854729248386551,-1.1395659615167688,2.0666150922641906,0.3845323008186901,0.9578779626105772,0,0,0,0,0,0,0,0,0,0,0,1,0,0,0,0,0,0,0,0,0,0,0,0,0,0,0,0,0,0,0,0,1,0,0,0,0,0,1,0,0,0,0,0,0,0,0,0,0,0,0,0,0,0,0,0,0,0,0,0,0,0,0,0,0,0,1,0,0,0,0,0,0,0,0,0,0,0,0,0,0,0,0.8092986345291138,1
2019/11/19,1.316422056493661,1.3155372964518002,1.346850507281918,1.3778217573481473,0.2008838249559442,0.7709281865172327,0.5730749569551356,0.0884010775024679,-1.152112237703203,2.1424541757698803,0.4506569614335,1.030267182485766,0,0,0,0,0,0,0,0,0,0,0,1,0,0,0,0,0,0,0,0,0,0,0,0,0,0,0,0,0,0,0,1,0,1,0,0,1,0,3,0,0,0,1,3,0,0,0,0,0,0,0,0,0,0,0,0,0,0,0,0,0,0,0,0,0,0,0,0,0,0,0,0,0,0,0,1,0,0,0,0,0,0,0.9510301848252616,1
2019/11/20,1.383065501922239,1.307074566531631,1.3758209787311984,1.3125005278134096,-0.1905096044231654,-0.7625741767927742,-0.6116191040219744,-0.2927020205705857,-1.1395659615167688,2.0666150922641906,0.4246574713116424,0.9983594444252258,0,0,0,0,0,0,0,0,0,0,0,3,0,0,0,1,0,0,0,0,1,0,0,0,0,0,0,0,0,0,0,0,0,1,0,0,0,0,0,0,0,0,0,2,0,0,1,0,0,0,0,0,0,0,0,0,0,0,0,0,0,0,0,0,0,0,0,0,0,0,0,0,0,0,0,0,1,0,0,0,0,0,0.8708332657814026,0
2019/11/21,1.2942075746841348,1.2417906500046123,1.3355142358452432,1.2792236750315624,-0.1510987520751147,-0.3864320876789988,-0.3285309077143866,-0.2543322047626469,-1.1331735027426395,2.0279200997597537,0.4159007178446578,0.9983681187725516,0,0,0,0,0,0,0,0,0,0,0,1,0,0,0,0,0,0,0,0,1,0,0,0,0,0,0,0,0,0,0,1,0,0,1,1,1,0,2,0,0,0,0,2,0,0,0,0,0,2,0,0,0,0,0,0,0,0,0,0,0,0,0,0,0,0,0,0,0,0,0,0,0,0,0,1,0,0,0,0,0,0,0.8131998788851958,0
2019/11/22,1.284334471657679,1.2744326082681217,1.2750541215163105,1.2311571099022272,0.1737403866789053,-0.5600361288084336,-0.4675657347148922,0.0620179674380721,-1.1239408205474466,1.972165190720295,0.3629201420379802,0.9734693476376508,0,0,0,0,0,0,0,0,0,0,0,0,0,0,0,0,0,0,0,0,0,0,0,0,0,0,0,0,0,0,0,0,0,2,0,0,2,0,2,0,0,0,0,1,0,0,0,0,0,0,0,0,0,0,0,2,0,0,0,0,0,0,0,0,0,1,0,0,0,0,0,0,0,0,0,1,0,0,0,0,0,0,0.8318664052269675,0
2019/11/25,1.184369303514811,1.130566199625247,1.0873758499535824,1.1954153050624652,0.1844102667638147,-0.4153660945339046,-0.3580766919981747,0.0723982074634081,-1.11707499120314,1.930601030434968,0.3471538496214905,0.9112672058327872,0,0,0,0,0,0,0,0,0,1,0,0,0,0,0,0,0,0,0,0,2,0,0,1,0,0,0,0,0,0,0,0,0,0,0,0,0,0,4,0,0,0,0,3,1,0,0,0,0,0,0,0,0,0,0,0,0,0,0,0,0,0,0,0,0,0,0,0,0,0,0,0,0,0,0,1,0,0,0,0,0,0,0.4046707256482197,0
2019/11/26,1.1991789580544954,1.1680440035574244,1.2347473786303556,1.1941828290335077,-0.2867969304269582,-0.0102899985652236,-0.0358650708076281,-0.3864949036566582,-1.1168402619947877,1.9292052190821023,0.3587374874432365,0.912120780466924,0,0,0,0,0,0,0,0,0,0,0,2,0,0,0,1,0,0,0,0,2,0,1,0,0,0,0,0,0,0,0,0,0,0,0,0,0,0,1,0,0,0,1,0,0,0,0,0,0,0,0,0,0,0,0,0,0,0,0,0,0,0,0,0,0,0,0,0,0,0,0,0,0,0,0,0,0,0,0,0,0,0,0.8349581658840179,0
2019/11/27,1.1979448201761882,1.1547454279685871,1.2246706929088669,1.201577685207252,-0.2305284163544952,0.0909790254269466,0.0455272033617069,-0.3316897078086039,-1.1182603737053192,1.9378127224247723,0.3506331411054142,0.9485092903531652,0,0,0,0,0,1,0,0,0,0,0,0,0,0,0,0,0,0,0,0,1,0,0,0,0,0,0,0,0,0,0,0,0,0,0,0,0,1,2,0,0,0,0,0,0,0,0,0,0,0,0,0,0,0,0,0,0,0,0,0,0,0,0,0,0,0,0,0,0,0,0,0,0,0,0,0,0,0,0,0,0,0,0.8552326440811158,1
2019/11/28,1.1917741307846534,1.1619991964715892,1.2574199215037052,1.2249947297574406,-0.3334232380814707,0.2790500699838342,0.1962248399479185,-0.4318466666244957,-1.1227593501987396,1.96495349873049,0.3413985953585429,0.9510584170303464,0,0,0,0,0,0,0,0,0,0,0,1,0,0,0,0,0,0,0,0,0,0,0,0,0,0,0,0,0,0,0,0,0,0,0,0,0,0,1,0,0,0,1,1,0,0,0,0,0,0,0,0,0,0,0,0,0,0,0,0,0,0,0,0,0,0,0,0,0,0,0,0,0,0,0,1,0,0,0,0,0,0,0.8867995977401734,1
2019/11/29,1.2226275777423288,1.1632081578887563,1.2372665500607276,1.2323895859311846,-0.318017795138308,0.0909790254269466,0.0449617338060364,-0.4168941780165711,-1.1241794619092715,1.97356100207316,0.3308536920247968,0.9555723776632072,0,0,0,0,0,0,0,0,0,0,0,1,0,0,0,0,0,0,0,0,1,0,0,0,0,1,0,0,0,0,0,0,0,1,0,2,0,0,1,0,0,0,0,3,0,0,0,0,0,0,0,0,0,0,0,0,0,0,0,0,0,0,0,0,0,0,0,0,0,0,0,1,0,0,0,0,0,0,0,0,0,0,0.9398682442578402,1
2019/12/2,1.2325006807687846,1.1728798492260923,1.2712753643707526,1.2151349215257825,-0.4125250144574953,-0.1983610431221112,-0.1853610845880397,-0.5090805953844368,-1.1210419148242947,1.9546400037343168,0.3386555005468405,0.9715577854889172,0,0,0,0,0,0,0,0,0,0,0,1,0,0,0,0,0,0,0,0,0,0,0,0,0,0,0,0,0,0,0,0,0,0,3,0,0,0,1,0,0,0,1,0,0,0,0,0,0,0,0,0,0,0,0,0,0,0,0,0,0,0,0,0,0,0,0,0,0,0,0,0,0,0,0,0,0,0,0,0,0,0,0.947186013062795,0
2019/12/3,1.1991789580544954,1.1644171193059232,1.2448240643518445,1.2274596818153556,-0.3888616932580619,0.1488470391367582,0.0913655792182539,-0.4860339910424703,-1.1234087676751814,1.9689082975636087,0.3581629001186958,0.9927172529217057,0,0,0,0,0,0,0,0,0,0,0,1,0,0,0,0,0,0,0,0,1,0,0,0,0,0,0,0,0,0,0,0,0,0,0,0,0,0,1,0,0,0,0,0,0,0,0,0,0,0,0,0,0,0,0,0,0,0,0,0,0,0,0,0,0,0,0,0,0,0,0,0,0,0,0,0,0,0,0,0,0,0,0.9210266272226968,1
2019/12/4,1.1868375792714252,1.2345368815016102,1.2574199215037052,1.290315959292178,0.0805450849603096,0.7419941796623268,0.5634619745087356,-0.0290562813556504,-1.1354855854449102,2.041955758363568,0.3652841584589464,0.9818891217267264,0,0,0,0,0,0,0,0,0,0,0,0,0,0,0,0,0,0,0,0,4,0,0,0,0,0,0,0,0,0,0,0,0,1,0,0,1,0,1,0,0,0,0,0,0,0,0,0,0,0,0,0,0,0,0,0,0,0,0,0,0,0,0,0,0,0,0,0,0,0,0,0,0,0,0,1,0,0,0,0,0,0,0.7483376674354076,1
2019/12/5,1.295441712562442,1.3372986019608064,1.3493696787122902,1.3852166135218908,0.5488941419652712,1.118136268776102,0.8485293142611705,0.4268710469000342,-1.1537201327804163,2.1521473101647794,0.406476419697474,1.0488553659411397,0,0,0,0,0,0,0,0,0,1,0,2,0,0,0,0,0,0,0,0,3,0,0,0,0,0,0,0,0,0,0,0,1,0,0,0,1,1,1,0,0,0,0,2,0,1,0,0,0,0,0,0,0,0,0,0,0,0,0,0,0,0,0,0,0,0,1,0,0,0,0,0,0,0,0,3,0,0,0,0,0,0,0.7685941264909857,1
2019/12/6,1.3892361913137743,1.3312537948749716,1.4010126930349205,1.3802867094060618,-0.1288940361330037,-0.0536910088475822,-0.0684855958003751,-0.2329538532818952,-1.152773391640062,2.146408974602999,0.4362954763941519,1.0835952784035572,0,0,0,0,0,0,0,0,0,0,0,2,0,0,0,0,0,0,0,0,1,0,0,0,0,0,0,0,0,0,0,0,0,0,0,0,0,0,2,0,0,0,0,0,0,0,0,0,0,0,0,0,0,0,0,0,0,0,0,0,0,0,0,0,1,0,0,0,0,0,0,0,0,0,0,1,0,0,0,0,0,0,0.9465116773332868,0
2019/12/9,1.383065501922239,1.3119104122002994,1.4073106216108509,1.3420799525083853,-0.2051262169248743,-0.4443001013888104,-0.3675836489028865,-0.3071602120344467,-1.1454302795721056,2.102053191611941,0.4366960884842492,1.0773571026669229,0,0,0,0,0,0,0,0,0,0,0,1,0,0,0,0,0,0,0,0,1,0,0,0,0,0,0,0,0,0,0,0,0,0,0,0,1,0,0,0,0,0,0,0,0,1,0,0,0,0,0,0,0,0,0,0,0,0,0,0,0,0,0,0,0,0,0,0,0,0,0,1,0,0,0,0,0,0,0,0,0,0,0.8119738101959229,0
2019/12/10,1.3423389519381084,1.3554330232183114,1.3871572501678733,1.401238801898336,0.1536249633804971,0.6985931693799682,0.5126050563456122,0.0420607202465033,-1.156798997563305,2.1707581282029857,0.450808123738917,1.120242227268277,0,0,1,0,1,0,0,0,0,0,0,0,0,0,0,0,0,0,0,0,0,0,0,0,0,0,0,0,0,0,0,0,4,0,0,0,0,0,0,0,0,0,0,0,0,0,0,0,0,0,0,0,0,0,0,1,0,0,0,0,0,0,0,0,0,0,0,0,0,0,0,0,0,0,0,1,0,0,0,0,0,0,0.8760267645120621,1
2019/12/11,1.3929386049486956,1.3626867917213137,1.4262044073386422,1.372891853232318,-0.2931542007237265,-0.3285640739691873,-0.2776386477040337,-0.3928589793864773,-1.15135327992953,2.137879016335488,0.4344414461996422,1.0992210779607816,0,0,0,0,0,0,0,0,0,0,0,1,0,0,0,0,0,0,0,0,2,0,0,0,0,0,0,0,0,0,0,0,0,0,0,0,0,1,0,0,0,0,0,0,0,0,0,0,0,0,0,0,0,0,0,1,0,0,0,0,0,0,0,0,0,0,0,0,0,0,0,0,0,0,0,0,0,0,0,0,0,0,0.7128886461257935,0
2019/12/12,1.3768948125307046,1.45335889800884,1.4274639930538284,1.4961394561280492,1.2027611426052562,1.4508773476075187,1.0853903743926878,1.063402194167965,-1.175029632745339,2.2810272250793564,0.4274048302222281,1.1288376568907,0,0,0,0,0,0,0,0,0,0,0,1,0,0,0,0,0,0,0,0,2,0,0,0,0,0,0,0,0,0,0,0,0,0,0,0,1,0,4,0,0,0,0,1,0,0,0,0,0,0,0,0,0,0,0,0,0,0,0,0,0,0,0,0,0,0,0,0,0,0,0,0,0,0,0,2,0,0,0,0,0,0,0.7519054575399919,1
2019/12/13,1.557078942763528,1.5053442389470215,1.5471246359965076,1.5392761171415552,0.913503587363894,0.5105221248230806,0.3522944373130006,0.7817763963377157,-1.1833194859536498,2.331121343632194,0.4814849039259946,1.1475748128327556,0,0,0,0,0,0,0,0,0,0,0,0,0,0,0,0,0,0,0,0,3,0,0,0,0,0,0,0,0,0,0,0,0,0,0,0,1,0,0,0,0,0,1,1,0,1,0,0,0,0,0,0,0,0,0,0,0,0,0,0,0,0,0,0,0,0,0,0,0,0,0,0,0,0,0,2,0,0,0,0,0,0,0.826631161901686,1
2019/12/16,1.5681861836682904,1.5246876216216942,1.5823930360217184,1.5824127781550603,0.6127947877343854,0.5105221248230806,0.3483361504233065,0.4890289127660348,-1.191605427008488,2.381215462185032,0.539253849573805,1.2030223723759477,0,0,0,0,0,0,0,0,0,0,0,2,0,0,0,0,0,0,0,0,2,0,0,0,0,0,0,0,0,0,0,0,0,0,0,1,1,0,3,0,0,0,0,1,0,0,0,0,0,0,0,0,0,0,0,0,0,0,0,0,0,0,0,0,0,0,0,0,0,0,0,0,0,0,0,1,0,0,0,0,0,0,0.593285436657342,1
2019/12/17,1.5953372169910445,1.5549116570508696,1.6214401931924878,1.5873426822708905,0.6943624209507453,0.0620450185720408,0.017889878828307,0.5684871786742624,-1.192552168148843,2.3869537977468123,0.5891495630432748,1.2559789799408725,0,0,0,0,0,0,0,0,0,0,0,0,0,0,0,0,0,0,0,0,2,0,0,0,0,0,0,0,0,0,0,0,0,2,0,0,0,1,1,0,0,0,0,0,0,0,0,0,0,1,0,0,0,0,0,0,0,0,0,0,0,0,0,0,0,0,0,0,0,0,0,0,0,0,0,1,0,0,0,0,0,0,0.7851695716381073,1
2019/12/18,1.587932389721203,1.704822872779579,1.647891493211395,1.6686861001820723,1.3915550739752167,0.9589992310741204,0.6701943531415591,1.247157157473617,-1.2081812212716376,2.4814036992907083,0.5905944529499205,1.2570038729346935,0,0,0,0,0,0,0,0,0,0,0,1,0,0,0,0,0,0,0,0,0,0,0,0,0,0,0,0,0,1,0,0,0,0,0,0,3,0,2,0,0,0,0,0,0,0,0,0,0,2,0,1,0,0,0,1,0,0,0,0,0,0,0,0,0,0,0,0,0,0,0,0,0,0,0,3,2,0,0,0,0,0,0.7044833451509476,1
2019/12/19,1.6447027321233254,1.6576733775100652,1.6982749218188395,1.698265524877048,0.6083092490096044,0.3513850871210987,0.2234027204673361,0.484703812755478,-1.2138655802672371,2.51575616758623,0.5985845214376674,1.2492799323593626,0,0,0,0,0,0,0,0,0,0,0,1,0,0,0,0,0,0,0,0,4,0,0,0,0,0,0,0,0,0,0,0,0,0,0,0,1,0,5,0,0,0,1,0,0,0,0,0,0,1,0,0,0,2,0,1,0,0,0,0,0,0,0,0,0,0,0,0,0,0,0,1,0,0,0,1,0,0,0,0,0,0,0.802183190981547,1
2019/12/20,1.6669172139328516,1.622613496412222,1.639074393205093,1.560228209633829,0.6392721110672307,-1.616127379012495,-1.1718934081498382,0.5148559385433591,-1.1873450918768926,2.3554704972321807,0.5700653752855986,1.178387980261716,0,1,0,0,0,0,0,0,0,0,0,1,0,0,0,0,0,0,0,0,3,0,0,0,0,0,0,0,0,0,0,0,0,0,0,0,0,0,3,0,0,0,0,1,0,0,0,0,0,0,0,0,0,1,0,0,0,0,0,0,0,0,0,0,0,0,0,0,0,0,0,0,0,0,0,2,1,0,0,0,0,0,0.7963216442328233,0
2019/12/23,1.5311620473190806,1.45335889800884,1.4967412073890638,1.4234233704195671,0.3289041232151999,-1.601660375585042,-1.1998134674610734,0.2127168092344693,-1.1610593326949004,2.196580638230996,0.4972731564517336,1.0748921737306332,0,0,0,0,0,0,0,0,0,0,0,1,0,0,0,0,0,0,0,0,0,0,0,0,0,0,0,0,0,0,0,0,1,0,0,1,2,0,1,0,0,0,0,0,0,0,0,0,0,0,0,0,0,0,0,0,0,0,0,0,0,0,0,0,0,0,0,0,0,0,0,0,0,0,0,1,0,0,0,0,0,0,0.7248512251036507,0
2019/12/24,1.4460065337158965,1.4690753964320111,1.495481621673878,1.529416308909896,0.2161963071585639,1.248339299623178,0.9179053603725056,0.1029828432523449,-1.1814260036729407,2.319644672508633,0.5486393444211496,1.1357932577230088,0,0,0,0,0,0,0,0,0,0,0,1,0,0,0,0,0,0,0,0,0,0,0,0,0,0,0,0,0,0,0,0,0,0,0,1,0,0,3,0,0,0,0,0,0,0,0,0,0,0,0,0,0,0,0,0,0,0,0,0,0,0,0,0,0,0,0,0,0,0,0,0,0,0,0,1,0,0,0,0,0,0,0.7203136483828226,1
2019/12/25,1.5101817033878613,1.5863446538972117,1.5748355217306016,1.607062298734207,0.4983282020450086,0.9155982207917616,0.6480350149287178,0.3776266939226957,-1.1963430448637336,2.4098295949187745,0.5631185185896801,1.1769836788587746,0,0,0,0,0,0,0,0,0,0,0,0,0,0,0,0,0,0,0,0,2,0,0,0,0,0,0,0,0,0,0,0,0,1,0,0,0,0,0,0,0,0,0,0,0,0,0,0,0,0,0,0,0,0,0,1,0,0,0,0,0,0,0,0,0,0,0,0,0,0,0,0,0,0,0,2,0,0,0,0,0,0,0.7813464800516764,1
2019/12/26,1.615083423043957,1.5670012712225392,1.65292983607214,1.6255494391685663,-0.1758456880800581,0.2211820562740226,0.1328215660183539,-0.2786763391077804,-1.199895280216799,2.43130958073787,0.5904484075631639,1.1859055279425232,0,0,0,0,1,0,0,0,0,0,0,0,0,0,0,0,0,0,0,0,0,0,1,0,0,0,0,0,0,0,0,0,0,1,0,0,1,0,0,0,0,0,0,0,0,0,0,0,0,0,1,0,0,0,0,0,0,0,0,0,0,0,0,0,0,0,0,0,0,0,0,0,0,0,0,0,0,0,0,0,0,0,0.9637410402297972,1
2019/12/27,1.6434685942450178,1.5948073838173809,1.6592277646480702,1.5935050624156766,0.15915199178781,-0.3719650842515459,-0.2953095713187395,0.0473126274021792,-1.1938157937204728,2.3945532151124134,0.5646011457714443,1.142101582529321,0,0,0,0,0,0,0,0,0,0,0,0,0,0,0,0,0,0,0,0,1,0,0,0,0,0,0,0,0,0,0,0,0,0,0,0,0,0,6,0,0,0,0,1,0,0,0,0,0,0,0,0,0,0,0,0,0,0,0,0,0,0,0,0,0,0,0,0,0,0,0,0,0,0,0,1,0,0,0,0,0,0,0.9294112258487276,0
2019/12/30,1.565717907911677,1.637121033418227,1.6226997789076736,1.6810108604716456,0.5668889441184393,1.0313342482113848,0.7216874245548118,0.444171446942261,-1.2106302293454472,2.496214808646114,0.5993605874344488,1.170673845470319,0,0,0,0,0,0,0,0,0,0,0,0,0,0,0,0,0,0,0,0,3,0,0,0,0,0,0,0,0,0,0,1,0,1,0,0,1,0,1,0,0,0,0,0,0,0,0,0,0,0,0,0,0,0,0,2,0,0,0,0,0,0,0,2,0,0,0,0,0,0,0,0,0,0,0,1,0,0,0,0,0,0,0.86219522356987,1
